intent,question,answer,keywords,source
diabetes_symptoms,What are the symptoms of diabetes?,"Common symptoms include frequent urination, increased thirst or hunger, unexplained weight loss, tiredness and blurred vision. Type 2 diabetes can develop slowly, so testing by a healthcare professional is important.",diabetes thirst urination hunger weight vision fatigue,https://www.who.int/news-room/fact-sheets/detail/diabetes
diabetes_symptoms,How do I know if I have high blood sugar?,"Possible symptoms include thirst, frequent urination, fatigue, blurred vision and unexplained weight changes. Symptoms alone cannot confirm diabetes; a blood glucose test and professional assessment are needed.",blood sugar glucose thirsty urinate tired,https://www.who.int/health-topics/diabetes
diabetes_prevention,How can type 2 diabetes be prevented?,"Risk can be reduced through a balanced diet, regular physical activity, maintaining a healthy weight and avoiding tobacco. People with risk factors should discuss screening with a healthcare professional.",diabetes prevent exercise diet weight tobacco,https://www.who.int/news-room/fact-sheets/detail/diabetes
hypertension_info,What is high blood pressure?,"Hypertension means blood pressure is persistently too high. It often has no obvious symptoms, so measurement is the only reliable way to know. A healthcare professional should confirm and manage it.",hypertension pressure bp silent measure,https://www.who.int/news-room/fact-sheets/detail/hypertension
hypertension_info,What are symptoms of hypertension?,"Most people with hypertension do not feel symptoms. Very high blood pressure may be associated with severe headache, chest pain, dizziness, breathing difficulty or vision changes and needs urgent medical assessment.",hypertension symptoms headache dizzy chest vision,https://www.who.int/news-room/fact-sheets/detail/hypertension
hypertension_prevention,How can I lower my blood pressure?,"Helpful measures include reducing salt, eating a balanced diet, being physically active, avoiding tobacco, limiting alcohol and taking prescribed medicine exactly as directed. Do not stop blood-pressure medicine without medical advice.",pressure lower salt exercise tobacco medicine,https://www.who.int/news-room/fact-sheets/detail/hypertension
flu_symptoms,What are the symptoms of flu?,"Flu often starts suddenly with fever or chills, cough, sore throat, runny or blocked nose, body aches, headache and tiredness. Some people, especially children, may also have vomiting or diarrhoea.",flu influenza fever cough chills aches fatigue,https://www.cdc.gov/flu/signs-symptoms/index.html
flu_prevention,How can I prevent flu?,"Follow current local vaccination advice, wash hands, cover coughs and sneezes, improve indoor air where possible, avoid close contact when ill and stay home while sick except to obtain medical care.",flu prevent vaccine hands cough stay home,https://www.cdc.gov/flu/prevention/index.html
common_cold,What is the difference between a cold and flu?,"Both can cause respiratory symptoms, but flu usually begins more suddenly and is more likely to cause fever, marked body aches and severe tiredness. Symptoms overlap, so testing or medical advice may sometimes be needed.",cold flu difference sudden aches fever,https://www.cdc.gov/flu/about/coldflu.html
fever_care,What should I do for a fever?,"Rest, drink enough fluids and monitor the temperature and other symptoms. Seek medical advice for a persistent or worsening fever, pregnancy, a young infant, weak immunity, or serious symptoms. Do not give aspirin to children unless prescribed.",fever temperature rest fluids persistent,https://www.nhs.uk/conditions/fever-in-adults/
headache_care,What can cause a headache?,"Headaches may be related to dehydration, lack of sleep, stress, eye strain, infection or migraine. Sudden severe headache, headache after injury, or headache with weakness, confusion, stiff neck or vision loss needs urgent care.",headache migraine dehydration sleep stress,https://www.nhs.uk/conditions/headaches/
asthma_info,What are common asthma symptoms?,"Asthma can cause coughing, wheezing, shortness of breath and chest tightness. Symptoms can come and go. A person with these symptoms should be assessed by a healthcare professional.",asthma wheeze cough breath chest tight,https://www.who.int/news-room/fact-sheets/detail/asthma
asthma_care,What should I do during an asthma attack?,"Sit upright, stay calm and use your prescribed reliever inhaler according to your personal asthma action plan. Get emergency help if breathing is very difficult, you cannot speak normally, lips look blue or the reliever is not helping.",asthma attack inhaler breathing emergency,https://www.who.int/news-room/fact-sheets/detail/asthma
dehydration,What are signs of dehydration?,"Signs can include thirst, dry mouth, dark urine, urinating less, dizziness and tiredness. Severe confusion, fainting, inability to drink or very little urine requires urgent medical care.",dehydration thirsty dry mouth dark urine dizzy,https://www.nhs.uk/conditions/dehydration/
diarrhoea_care,What should I do if I have diarrhoea?,"Replace lost fluids using safe water and oral rehydration solution where available. Continue appropriate food as tolerated. Seek care for blood in stool, severe dehydration, severe pain, persistent symptoms, high fever, or illness in a young child.",diarrhea diarrhoea loose stool ors fluids,https://www.who.int/news-room/fact-sheets/detail/diarrhoeal-disease
cough_care,How should I manage a cough?,"Rest, drink fluids and avoid smoke. A cough can have many causes. Seek medical care if it lasts, worsens, includes blood, or occurs with chest pain, breathing difficulty, high fever or significant weakness.",cough fluids smoke blood chest,https://www.nhs.uk/conditions/cough/
sore_throat,What can I do for a sore throat?,"Drink fluids, rest and consider warm drinks or salt-water gargling if safe for you. Seek care for breathing or swallowing difficulty, drooling, severe dehydration, a rash, or symptoms that persist or worsen.",sore throat swallow gargle fluids,https://www.nhs.uk/conditions/sore-throat/
healthy_diet,What is a healthy diet?,"A healthy diet includes varied vegetables and fruits, whole grains, pulses, nuts and appropriate protein sources while limiting excess salt, free sugars, saturated fat and trans fat. Individual needs may differ.",healthy diet vegetables fruit grains salt sugar,https://www.who.int/news-room/fact-sheets/detail/healthy-diet
physical_activity,How much exercise should adults do?,"WHO generally recommends adults aim for 150–300 minutes of moderate aerobic activity per week, or 75–150 minutes of vigorous activity, plus muscle strengthening on two or more days. Start gradually if inactive or medically limited.",exercise activity minutes adult walking strength,https://www.who.int/news-room/fact-sheets/detail/physical-activity
sleep_health,How can I sleep better?,"Keep regular sleep and wake times, reduce caffeine late in the day, limit screens before bed, keep the room comfortable and use a calming routine. Persistent insomnia or loud snoring with breathing pauses needs professional assessment.",sleep insomnia caffeine screen snoring,https://www.nhs.uk/live-well/sleep-and-tiredness/how-to-get-to-sleep/
medicine_safety,Can I take antibiotics for a cold?,"Antibiotics do not treat viral colds or flu. Use antibiotics only when prescribed for you and complete them exactly as directed. Unnecessary use contributes to antimicrobial resistance and may cause side effects.",antibiotic cold virus resistance prescription,https://www.who.int/news-room/fact-sheets/detail/antimicrobial-resistance
medicine_safety,Can I share my medicine with another person?,"No. Medicines and doses are selected for an individual. Sharing can cause allergies, interactions, incorrect treatment or dangerous dosing. Keep medicines in original containers and follow a pharmacist or clinician's instructions.",share medicine dose prescription safety,https://www.who.int/initiatives/medication-without-harm
first_aid_burn,What should I do for a minor burn?,"Cool the burn under cool running water for about 20 minutes, remove nearby jewellery or clothing that is not stuck, and cover loosely with a clean non-stick dressing. Do not use ice, butter or toothpaste. Get care for large, deep, electrical, chemical, facial or airway burns.",burn cool water ice dressing,https://www.nhs.uk/conditions/burns-and-scalds/treatment/
first_aid_cut,How do I care for a small cut?,"Wash your hands, apply gentle pressure to stop bleeding, rinse the wound with clean water and cover it with a clean dressing. Seek care for deep or dirty wounds, animal bites, spreading redness, pus, fever, or bleeding that will not stop.",cut wound bleeding dressing clean,https://www.nhs.uk/conditions/cuts-and-grazes/
dengue_info,What are common symptoms of dengue?,"Dengue may cause high fever, severe headache, pain behind the eyes, muscle and joint pain, nausea, vomiting or rash. Warning signs such as severe abdominal pain, persistent vomiting, bleeding, marked weakness or breathing difficulty need urgent care.",dengue fever eyes joint rash bleeding,https://www.who.int/news-room/fact-sheets/detail/dengue-and-severe-dengue
dengue_prevention,How can dengue be prevented?,"Prevent mosquito bites by using suitable repellent, long clothing, window screens or nets, and remove standing water from containers around the home. Follow Sri Lankan public-health instructions during outbreaks.",dengue prevent mosquito repellent standing water,https://www.who.int/news-room/fact-sheets/detail/dengue-and-severe-dengue
mental_wellbeing,What can I do when I feel stressed?,"Try slow breathing, regular sleep, physical activity, manageable routines and talking with someone you trust. If distress persists, affects daily life, or you feel unsafe, contact a qualified mental-health professional or emergency service.",stress anxious wellbeing breathing support,https://www.who.int/news-room/questions-and-answers/item/stress
emergency,When should I seek emergency medical help?,"Seek emergency help now for severe breathing difficulty, persistent chest pain or pressure, sudden weakness on one side, new confusion, seizure, fainting, uncontrolled bleeding, blue lips, or a severe allergic reaction. Use your local emergency service.",emergency chest pain breathing stroke seizure bleeding,https://www.cdc.gov/flu/signs-symptoms/index.html
unknown,Can you diagnose my illness?,"I cannot diagnose illness or replace a clinician. I can provide general educational information and help you recognize warning signs. A healthcare professional must assess symptoms, examine you and order tests when needed.",diagnose diagnosis doctor test clinician,https://www.who.int/about/communications/cyber-security
general_prevention,How can I reduce the risk of common infections?,"Wash hands, use safe food and water, follow recommended vaccination, cover coughs and sneezes, improve ventilation, avoid tobacco smoke and stay away from others when you have a contagious illness.",infection prevent hygiene vaccine ventilation,https://www.who.int/health-topics/health-promotion

malaria_symptoms,What are the symptoms of malaria?,"Common symptoms of malaria include fever, chills, headache, sweating, tiredness, and sometimes nausea or vomiting. Suspected malaria should be assessed promptly by a healthcare professional because malaria can become serious.",malaria fever chills headache sweating tiredness nausea vomiting,https://www.who.int/news-room/fact-sheets/detail/malaria
